tour_id,tour_title,media_type,media_src,poster_src,alt_text,notes
black-american-legacy-and-quaker-heritage,Black American Legacy & Quaker Heritage,image,,,,
rainbow-girls-philadelphia,Rainbow Girls Philadelphia,image,,,,
divine-9-legacy-tour,Divine 9 Legacy Tour,image,,,,
black-american-sports,Black American Sports,image,,,,
black-inventors-tour,Black Inventors Tour,image,,,,
library-story-hop-tour,Library Story Hop Tour,image,,,,
old-york-road-corridor,Old York Road Corridor,image,,,,
black-medical-legacy,Black Medical Legacy,image,,,,
eastern-star-weekend,Eastern Star Weekend,image,,,,
job-s-daughters,Job's Daughters,image,,,,
masonic-scavenger-hunt,Masonic Scavenger Hunt,image,,,,
black-architects-tour,Black Architects Tour,image,,,,
septa-broad-street-line,SEPTA Broad Street Line,image,,,,
philadelphia-foundations,Philadelphia Foundations,image,,,,
move-bombing-memorial,MOVE Bombing Memorial,image,,,,
philly-black-art-odyssey,Philly Black Art Odyssey,image,,,,
college-hop-tour,College Hop Tour,image,,,,
speakeasy-tour,Speakeasy Tour,image,,,,
